{
  "type": "standard_scaler",
  "mean": [
    2.330056179775281,
    29.498846153846156,
    32.5862761235955
  ],
  "scale": [
    0.8240050160689278,
    14.487378449290773,
    51.93302107304959
  ],
  "var": [
    0.678984266506754,
    209.88413433297472,
    2697.038677773812
  ],
  "with_mean": true,
  "with_std": true,
  "columns": [
    "Pclass",
    "Age",
    "Fare"
  ]
}